appointment_id,patient_id,doctor_id,department,slot_start,slot_end,status,created_at
1,42,1,Cardiology,2025-01-14 01:44:23,2024-09-15 21:22:35,COMPLETED,2023-06-17 17:06:31
2,32,23,Pediatrics,2023-04-25 03:55:56,2023-05-06 12:05:14,COMPLETED,2023-08-19 10:17:09
3,5,5,Neurology,2025-06-28 07:58:38,2025-05-01 20:12:34,CANCELLED,2024-05-20 03:47:31
4,25,20,Dermatology,2024-04-03 02:35:05,2024-12-05 19:44:12,CANCELLED,2025-07-29 11:56:48
5,28,4,Cardiology,2025-05-06 11:16:01,2023-12-01 00:38:27,COMPLETED,2024-12-02 11:11:14
6,57,8,Pediatrics,2024-06-10 12:17:11,2024-12-05 11:39:52,COMPLETED,2024-10-08 05:13:05
7,47,4,Neurology,2024-10-24 22:54:55,2024-04-30 11:43:23,CANCELLED,2024-01-31 22:58:49
8,24,5,Pediatrics,2023-04-15 06:54:40,2023-05-22 17:06:23,SCHEDULED,2023-05-25 19:52:12
9,28,4,Neurology,2023-07-22 03:03:20,2025-05-14 07:00:16,SCHEDULED,2025-06-30 01:00:10
10,36,18,Neurology,2023-07-09 21:06:45,2024-09-30 04:03:21,COMPLETED,2024-10-19 00:13:43
11,56,24,Cardiology,2024-03-22 19:36:05,2025-07-21 16:54:38,COMPLETED,2024-06-30 06:19:12
12,7,19,Dermatology,2023-11-27 11:28:39,2023-08-29 08:45:32,CANCELLED,2025-01-19 01:19:25
13,15,4,Neurology,2025-05-14 03:04:48,2024-07-24 23:40:09,SCHEDULED,2024-03-08 17:46:32
14,37,8,Pediatrics,2025-05-21 10:19:01,2025-05-14 20:45:45,SCHEDULED,2024-02-20 11:10:26
15,2,6,Neurology,2024-04-24 23:47:02,2024-06-11 21:34:53,COMPLETED,2023-01-10 11:38:25
16,12,5,Dermatology,2024-09-14 14:19:24,2023-04-19 02:19:57,SCHEDULED,2023-02-17 14:58:46
17,6,24,Dermatology,2023-12-01 04:44:06,2024-08-07 09:32:38,COMPLETED,2024-12-05 17:08:27
18,22,6,Neurology,2024-04-29 02:40:59,2024-05-18 21:52:14,CANCELLED,2025-07-15 04:50:00
19,6,2,Orthopedics,2023-09-02 12:39:58,2023-03-19 07:16:48,CANCELLED,2023-05-07 17:34:47
20,18,15,Pediatrics,2025-01-24 10:46:50,2025-08-01 01:26:02,COMPLETED,2024-10-05 09:53:20
21,18,7,Dermatology,2023-06-26 19:25:27,2024-06-20 04:58:36,COMPLETED,2023-06-22 06:16:13
22,19,22,Dermatology,2025-01-25 22:59:02,2025-03-29 13:31:38,CANCELLED,2024-04-24 02:42:30
23,3,8,Pediatrics,2025-07-20 00:27:14,2023-03-27 02:25:10,SCHEDULED,2023-11-14 13:26:47
24,20,7,Orthopedics,2024-02-01 22:27:27,2024-03-25 15:22:16,COMPLETED,2023-07-06 09:20:26
25,1,16,Pediatrics,2023-09-30 22:22:37,2023-07-20 16:23:31,COMPLETED,2025-04-07 08:06:32
26,46,8,Dermatology,2025-05-17 22:43:27,2024-07-04 04:18:33,SCHEDULED,2024-09-08 19:53:10
27,56,24,Cardiology,2024-11-08 15:26:43,2023-01-30 02:44:06,COMPLETED,2023-05-01 22:55:42
28,56,11,Dermatology,2024-10-28 20:52:41,2025-06-09 17:53:22,COMPLETED,2024-10-10 20:45:34
29,19,4,Pediatrics,2023-02-02 09:35:19,2024-05-19 12:14:07,SCHEDULED,2024-12-15 17:39:20
30,54,23,Neurology,2023-05-17 21:43:12,2024-11-09 09:47:42,SCHEDULED,2024-01-13 23:29:44
31,28,19,Pediatrics,2025-03-24 22:44:22,2023-05-03 04:10:33,COMPLETED,2024-04-26 23:52:26
32,48,11,Orthopedics,2024-06-01 09:41:53,2023-09-19 04:26:30,SCHEDULED,2025-03-04 00:11:46
33,41,4,Dermatology,2025-03-03 04:23:27,2023-10-29 05:15:14,COMPLETED,2024-06-29 09:56:48
34,47,21,Orthopedics,2024-01-03 00:44:28,2023-06-09 16:49:50,SCHEDULED,2024-02-02 15:11:13
35,13,6,Dermatology,2023-08-26 11:23:55,2023-04-28 01:22:25,SCHEDULED,2025-02-06 14:01:04
36,30,25,Dermatology,2025-06-19 04:08:10,2024-11-28 08:24:03,CANCELLED,2025-05-26 21:46:44
37,42,21,Dermatology,2024-05-17 02:04:35,2024-05-06 02:30:44,SCHEDULED,2024-11-14 03:32:46
38,5,16,Pediatrics,2024-04-15 09:57:50,2024-03-02 16:34:35,CANCELLED,2023-03-29 06:14:54
39,23,17,Cardiology,2024-04-27 04:50:36,2024-12-18 07:00:27,COMPLETED,2023-02-28 10:05:59
40,4,12,Neurology,2023-04-30 04:44:20,2023-05-21 06:29:51,CANCELLED,2025-07-11 20:54:03
41,33,13,Pediatrics,2025-06-20 12:14:54,2025-05-11 02:24:43,CANCELLED,2023-03-05 17:26:15
42,29,19,Orthopedics,2024-05-14 11:23:11,2025-07-28 20:15:08,COMPLETED,2025-02-17 20:19:40
43,10,2,Pediatrics,2023-06-10 18:49:46,2024-06-17 12:17:17,CANCELLED,2023-05-12 00:01:04
44,33,21,Orthopedics,2023-03-02 19:19:27,2024-01-20 20:33:19,CANCELLED,2024-11-11 00:48:40
45,29,17,Dermatology,2023-09-04 14:29:15,2024-07-19 07:05:57,COMPLETED,2024-03-15 11:02:13
46,25,14,Neurology,2025-07-17 18:48:02,2023-03-23 08:19:40,CANCELLED,2024-06-03 20:37:55
47,5,11,Cardiology,2025-05-16 18:22:34,2024-08-23 12:09:29,COMPLETED,2024-01-27 11:05:01
48,47,22,Dermatology,2023-08-22 14:19:26,2024-06-01 20:38:15,SCHEDULED,2025-06-24 06:06:13
49,43,5,Neurology,2024-04-26 22:16:38,2024-08-31 21:15:10,SCHEDULED,2025-07-13 08:44:41
50,46,3,Neurology,2025-05-18 06:07:30,2024-08-08 03:37:20,CANCELLED,2024-05-25 06:29:36
51,53,5,Dermatology,2023-05-26 04:10:44,2024-10-19 17:44:00,CANCELLED,2024-07-16 01:55:45
52,2,12,Neurology,2023-10-08 00:41:19,2023-11-29 17:40:52,COMPLETED,2025-01-25 09:29:38
53,13,8,Orthopedics,2023-08-29 16:46:29,2023-04-30 20:55:22,COMPLETED,2023-06-07 02:48:03
54,33,25,Dermatology,2025-03-28 22:31:19,2023-02-28 15:19:42,CANCELLED,2024-06-07 03:29:08
55,57,25,Dermatology,2023-07-23 13:51:44,2025-07-16 18:57:40,COMPLETED,2023-08-28 14:57:35
56,11,6,Dermatology,2023-09-15 03:44:50,2024-11-10 21:38:50,SCHEDULED,2024-09-30 05:55:09
57,24,22,Orthopedics,2024-11-21 00:55:41,2024-03-18 14:52:59,CANCELLED,2024-11-28 09:14:51
58,15,18,Orthopedics,2024-04-25 17:47:57,2024-12-29 14:10:08,SCHEDULED,2024-07-25 10:06:17
59,44,19,Pediatrics,2024-12-18 04:40:37,2024-03-13 17:12:41,COMPLETED,2025-02-20 05:43:13
60,34,14,Orthopedics,2023-11-07 05:16:15,2025-07-28 07:29:14,SCHEDULED,2024-01-24 08:47:43
61,4,21,Pediatrics,2024-07-30 15:47:25,2025-05-11 10:46:38,SCHEDULED,2025-03-12 10:29:45
62,55,4,Neurology,2023-05-11 07:05:28,2023-09-07 00:52:37,COMPLETED,2024-11-28 23:50:04
63,58,17,Orthopedics,2024-11-10 14:09:33,2023-05-23 11:19:46,SCHEDULED,2024-12-01 19:16:13
64,57,12,Cardiology,2024-10-06 12:28:40,2023-03-24 17:33:38,COMPLETED,2025-02-18 20:10:54
65,24,8,Pediatrics,2023-05-07 18:28:16,2024-08-05 09:45:27,SCHEDULED,2023-02-13 18:54:28
66,21,4,Neurology,2023-08-15 21:06:46,2023-08-02 18:05:04,SCHEDULED,2024-03-21 15:38:20
67,59,16,Orthopedics,2024-12-29 17:41:35,2024-11-27 21:04:30,CANCELLED,2023-01-09 03:46:43
68,58,3,Cardiology,2024-02-02 13:32:08,2023-12-02 00:11:29,SCHEDULED,2025-05-02 12:54:18
69,47,20,Dermatology,2024-10-19 12:04:52,2023-06-22 17:20:47,COMPLETED,2024-01-05 03:52:11
70,20,4,Cardiology,2024-01-06 09:40:08,2024-10-14 04:13:50,CANCELLED,2024-12-11 02:25:51
71,5,4,Pediatrics,2025-07-16 00:02:38,2025-04-12 17:32:01,SCHEDULED,2025-03-11 14:35:59
72,37,8,Orthopedics,2024-03-28 11:24:24,2024-10-28 19:11:09,SCHEDULED,2024-07-02 01:56:07
73,16,19,Pediatrics,2023-10-18 23:34:07,2023-05-13 23:55:10,CANCELLED,2024-07-14 04:16:57
74,5,17,Dermatology,2025-02-27 02:32:50,2025-02-27 13:32:30,CANCELLED,2023-02-01 14:07:04
75,25,16,Cardiology,2024-08-23 23:58:51,2024-08-02 21:43:18,COMPLETED,2023-01-26 05:33:15
76,23,3,Neurology,2024-01-10 13:49:33,2023-06-11 00:52:08,CANCELLED,2024-05-31 13:11:32
77,9,2,Neurology,2025-04-28 04:52:04,2024-06-09 21:57:23,CANCELLED,2023-09-29 23:47:44
78,54,25,Pediatrics,2025-01-13 08:56:06,2023-10-11 03:48:58,SCHEDULED,2023-04-09 00:33:30
79,46,25,Pediatrics,2023-02-27 10:51:20,2024-03-31 20:19:55,SCHEDULED,2023-03-10 01:12:58
80,51,7,Cardiology,2024-05-05 06:15:53,2024-04-26 16:28:00,CANCELLED,2024-09-10 14:52:07
81,53,18,Pediatrics,2024-01-29 12:13:18,2023-02-26 21:19:16,CANCELLED,2023-10-24 20:51:08
82,19,12,Cardiology,2024-05-30 15:02:57,2024-02-29 10:15:12,SCHEDULED,2024-07-25 16:44:57
83,28,13,Pediatrics,2024-08-23 15:09:42,2024-06-10 16:12:05,SCHEDULED,2025-02-09 19:47:49
84,45,16,Neurology,2025-03-17 16:00:25,2024-02-19 08:04:05,SCHEDULED,2024-10-21 10:29:40
85,6,14,Dermatology,2023-10-08 07:54:19,2025-04-27 08:45:34,COMPLETED,2024-05-13 23:37:48
86,7,3,Neurology,2024-04-04 06:15:22,2024-04-21 02:59:37,COMPLETED,2025-07-25 03:21:45
87,46,14,Orthopedics,2024-11-20 14:06:14,2024-06-30 02:37:17,COMPLETED,2023-03-07 19:06:53
88,47,12,Dermatology,2024-11-06 15:45:26,2024-03-02 12:09:56,CANCELLED,2023-03-31 02:27:49
89,5,22,Pediatrics,2024-07-18 09:13:14,2025-03-08 01:13:59,CANCELLED,2023-09-06 12:44:14
90,2,5,Dermatology,2024-11-11 16:16:01,2023-02-24 01:23:58,SCHEDULED,2023-04-15 10:38:29
91,16,25,Neurology,2024-07-16 13:57:08,2024-08-17 17:50:47,CANCELLED,2023-02-20 07:24:44
92,39,5,Pediatrics,2024-07-30 06:33:33,2024-07-31 21:39:50,COMPLETED,2023-04-30 10:29:47
93,37,5,Dermatology,2024-07-24 00:53:08,2024-09-10 07:47:05,COMPLETED,2024-03-08 22:18:27
94,16,4,Cardiology,2023-10-17 00:22:26,2025-02-14 05:42:26,CANCELLED,2024-08-24 03:56:06
95,59,18,Cardiology,2024-02-11 15:44:30,2024-02-09 08:18:21,CANCELLED,2024-11-24 06:16:03
96,14,20,Neurology,2025-02-02 01:16:14,2023-11-07 23:11:22,SCHEDULED,2023-07-30 20:19:19
97,55,3,Pediatrics,2023-09-26 05:05:44,2024-11-22 10:56:52,SCHEDULED,2024-05-11 11:05:44
98,43,12,Cardiology,2025-05-04 09:22:47,2025-04-22 05:36:48,COMPLETED,2024-04-10 23:11:43
99,55,6,Orthopedics,2024-07-15 13:24:19,2025-03-01 07:47:20,SCHEDULED,2023-07-08 12:43:12
100,13,5,Orthopedics,2025-02-06 10:28:22,2023-02-10 19:56:22,COMPLETED,2025-05-10 15:24:58
101,37,12,Pediatrics,2025-05-06 22:53:18,2023-07-21 14:13:19,CANCELLED,2023-05-14 22:20:46
102,5,10,Pediatrics,2025-01-13 13:55:43,2025-03-27 15:21:16,COMPLETED,2024-09-28 00:47:17
103,53,19,Cardiology,2023-07-14 16:31:15,2024-05-07 11:38:53,CANCELLED,2023-04-26 05:04:20
104,29,15,Dermatology,2024-06-19 04:26:31,2023-07-19 08:39:39,CANCELLED,2025-07-02 02:15:00
105,12,25,Orthopedics,2024-11-03 01:10:43,2025-02-20 04:07:14,SCHEDULED,2023-07-12 21:03:43
106,34,5,Neurology,2023-09-13 18:51:39,2023-09-09 14:33:57,COMPLETED,2023-12-17 06:08:29
107,23,17,Neurology,2023-05-03 12:06:37,2024-01-25 07:14:35,SCHEDULED,2025-05-05 16:51:23
108,18,5,Neurology,2025-04-08 17:30:09,2023-05-26 03:15:48,CANCELLED,2023-09-19 23:12:07
109,38,19,Orthopedics,2023-09-23 22:49:18,2025-07-29 01:12:49,COMPLETED,2025-05-25 13:12:12
110,3,1,Cardiology,2023-03-12 14:56:19,2025-06-14 23:35:24,COMPLETED,2023-11-24 11:30:21
111,50,19,Pediatrics,2023-02-17 01:08:24,2025-02-12 16:12:16,CANCELLED,2025-04-27 12:36:10
112,19,21,Neurology,2025-01-20 05:29:16,2024-01-16 09:42:36,CANCELLED,2024-09-22 20:13:36
113,20,15,Cardiology,2023-04-04 01:43:11,2023-09-03 13:39:58,COMPLETED,2024-10-07 15:30:06
114,31,15,Orthopedics,2024-06-12 11:17:53,2025-07-31 09:56:02,SCHEDULED,2024-04-30 13:55:12
115,56,23,Neurology,2024-06-20 12:20:51,2024-09-11 09:13:57,SCHEDULED,2024-07-29 14:44:23
116,33,18,Cardiology,2024-05-10 17:30:09,2024-01-11 12:38:26,COMPLETED,2023-07-10 07:56:52
117,18,15,Orthopedics,2023-08-07 20:17:56,2023-05-31 09:24:00,SCHEDULED,2024-03-26 19:53:15
118,25,20,Pediatrics,2024-01-21 16:11:12,2023-09-06 02:02:05,COMPLETED,2025-06-16 09:44:01
119,47,11,Orthopedics,2023-09-05 12:42:56,2025-02-13 00:41:08,CANCELLED,2024-12-26 04:07:44
120,32,10,Pediatrics,2023-02-06 00:04:30,2023-05-20 21:16:24,COMPLETED,2025-02-24 04:20:07
121,30,8,Orthopedics,2025-06-25 04:38:41,2024-07-02 04:52:57,SCHEDULED,2023-03-20 12:16:58
122,19,16,Dermatology,2025-01-01 00:44:58,2024-03-19 21:28:18,CANCELLED,2023-01-13 16:52:32
123,55,4,Pediatrics,2023-07-28 01:27:23,2024-02-15 20:15:51,CANCELLED,2024-07-22 05:10:43
124,49,13,Neurology,2023-03-12 06:45:31,2024-09-14 06:45:55,SCHEDULED,2025-06-04 21:38:26
125,36,7,Neurology,2025-05-09 09:38:44,2024-03-24 07:51:04,SCHEDULED,2024-08-23 04:07:41
126,33,15,Dermatology,2024-03-10 12:44:33,2023-07-04 13:35:45,SCHEDULED,2023-05-31 04:32:49
127,26,12,Neurology,2025-05-16 13:28:41,2024-07-21 22:47:36,SCHEDULED,2023-11-06 05:24:56
128,39,17,Pediatrics,2025-02-15 20:15:20,2023-03-04 12:48:42,SCHEDULED,2023-03-02 10:49:04
129,9,23,Neurology,2025-01-05 22:27:43,2025-03-17 18:07:36,COMPLETED,2023-08-20 08:54:37
130,39,17,Orthopedics,2024-05-24 11:27:10,2024-05-09 19:39:37,SCHEDULED,2024-09-02 10:24:31
131,40,24,Neurology,2025-07-11 07:39:34,2024-06-06 12:54:40,CANCELLED,2025-03-02 19:31:08
132,35,16,Dermatology,2024-04-10 17:00:08,2025-01-07 17:16:45,SCHEDULED,2024-07-26 05:22:28
133,22,22,Cardiology,2024-10-09 01:44:48,2025-06-25 17:59:35,COMPLETED,2023-02-11 09:28:40
134,39,16,Neurology,2025-06-17 15:05:10,2025-06-16 07:46:16,SCHEDULED,2023-03-21 18:39:33
135,38,16,Orthopedics,2025-03-25 08:47:52,2024-08-13 14:31:23,SCHEDULED,2024-01-12 05:44:32
136,3,19,Cardiology,2023-10-24 08:57:19,2023-01-30 10:02:10,COMPLETED,2024-05-02 07:18:12
137,27,5,Pediatrics,2023-11-13 17:37:58,2024-09-29 11:58:43,CANCELLED,2025-01-02 14:43:33
138,56,24,Cardiology,2023-08-03 12:05:17,2025-03-16 17:54:42,SCHEDULED,2025-05-21 07:22:28
139,21,22,Pediatrics,2025-03-27 07:12:29,2024-08-08 09:02:45,COMPLETED,2023-09-27 00:42:31
140,30,18,Neurology,2025-04-28 14:32:30,2024-07-04 08:46:34,CANCELLED,2024-02-15 16:08:11
141,40,16,Orthopedics,2024-01-18 22:53:58,2024-03-09 10:06:44,CANCELLED,2024-04-08 16:51:19
142,15,10,Neurology,2023-11-18 23:52:34,2025-01-29 15:21:22,COMPLETED,2025-01-15 08:22:05
143,23,18,Neurology,2024-03-23 01:33:56,2023-07-09 07:47:45,CANCELLED,2025-04-23 19:37:25
144,25,13,Neurology,2023-08-16 13:01:32,2024-03-27 04:51:35,SCHEDULED,2024-03-22 19:38:10
145,46,3,Neurology,2024-11-18 04:58:36,2024-02-03 08:55:27,CANCELLED,2025-01-14 05:22:10
146,14,7,Dermatology,2024-02-26 04:33:37,2025-05-23 01:33:01,CANCELLED,2024-02-26 22:46:56
147,9,4,Dermatology,2025-06-30 14:37:36,2024-01-07 17:04:55,SCHEDULED,2023-03-20 20:40:20
148,43,17,Orthopedics,2023-12-28 16:46:34,2023-03-23 13:00:37,SCHEDULED,2024-10-04 00:59:30
149,22,23,Pediatrics,2023-06-06 04:35:08,2023-08-02 13:08:33,SCHEDULED,2025-05-04 22:37:50
150,60,6,Pediatrics,2025-01-08 23:22:05,2025-01-11 16:34:15,CANCELLED,2023-11-06 20:15:27
151,49,10,Neurology,2024-03-19 09:03:18,2023-04-02 21:44:27,SCHEDULED,2025-06-10 21:14:34
152,15,18,Cardiology,2023-09-29 22:53:16,2024-10-11 03:52:52,SCHEDULED,2023-02-26 10:50:51
153,54,13,Pediatrics,2023-10-17 10:12:03,2024-03-25 16:06:39,SCHEDULED,2023-01-15 09:30:18
154,20,19,Dermatology,2023-06-16 16:27:34,2024-06-04 11:16:31,COMPLETED,2024-12-06 19:21:40
155,42,18,Dermatology,2025-02-06 06:23:22,2023-07-28 11:20:11,CANCELLED,2024-12-28 01:04:44
156,18,7,Cardiology,2024-05-28 16:47:48,2023-09-10 10:13:30,CANCELLED,2024-12-13 21:34:17
157,42,9,Orthopedics,2023-01-22 21:05:48,2024-06-07 16:27:10,COMPLETED,2025-06-01 00:25:05
158,44,25,Orthopedics,2023-09-30 14:55:28,2024-09-21 21:46:36,COMPLETED,2025-03-11 11:03:19
159,21,3,Pediatrics,2023-05-29 04:12:52,2023-10-15 01:08:32,SCHEDULED,2025-01-11 16:46:44
160,21,8,Cardiology,2024-02-10 02:46:47,2024-08-18 20:41:23,SCHEDULED,2024-11-24 23:30:26
161,49,9,Neurology,2024-04-14 01:21:24,2025-06-23 19:42:38,CANCELLED,2025-06-08 22:24:56
162,1,9,Neurology,2024-01-03 01:59:55,2023-04-07 12:09:46,CANCELLED,2023-07-03 15:44:30
163,30,10,Orthopedics,2024-09-21 19:01:36,2025-02-19 15:19:15,CANCELLED,2024-04-28 02:05:53
164,45,4,Neurology,2024-07-24 23:01:47,2023-12-10 01:51:23,SCHEDULED,2023-07-27 11:48:18
165,31,5,Pediatrics,2025-07-29 23:35:05,2024-08-03 09:44:37,COMPLETED,2025-05-03 04:56:47
166,59,16,Dermatology,2023-12-06 06:58:31,2024-01-20 10:10:47,CANCELLED,2025-07-14 13:34:23
167,56,3,Dermatology,2024-11-24 23:58:18,2025-03-31 11:43:16,CANCELLED,2024-07-16 00:19:03
168,5,19,Cardiology,2023-04-06 22:30:24,2025-04-30 17:50:37,CANCELLED,2023-11-11 00:57:03
169,37,18,Orthopedics,2023-09-13 14:23:23,2024-05-24 17:06:43,CANCELLED,2024-11-17 09:00:35
170,8,22,Orthopedics,2025-06-24 21:19:16,2025-01-29 08:49:39,SCHEDULED,2025-03-03 20:10:20
171,29,2,Pediatrics,2023-07-24 23:14:29,2025-03-08 07:15:59,COMPLETED,2024-12-10 14:40:53
172,37,2,Dermatology,2024-12-19 06:42:45,2024-04-23 17:23:38,CANCELLED,2023-02-03 19:39:41
173,26,9,Cardiology,2023-12-05 11:56:58,2025-06-17 09:00:24,SCHEDULED,2023-03-12 08:31:34
174,28,12,Cardiology,2025-04-20 16:02:15,2023-04-04 14:29:33,SCHEDULED,2025-01-03 08:05:24
175,3,10,Pediatrics,2023-10-07 14:11:24,2023-07-30 09:09:14,CANCELLED,2024-10-15 00:13:44
176,24,13,Pediatrics,2024-08-09 10:05:02,2024-08-06 13:04:50,SCHEDULED,2025-04-17 18:34:16
177,9,21,Neurology,2023-07-04 06:57:54,2023-10-05 05:58:44,CANCELLED,2024-09-02 14:17:16
178,34,5,Orthopedics,2023-01-06 09:29:37,2023-02-05 07:38:03,COMPLETED,2024-12-20 06:02:11
179,44,24,Dermatology,2024-10-20 20:38:20,2025-04-06 07:55:20,COMPLETED,2023-12-23 18:29:49
180,16,15,Neurology,2023-08-29 23:20:38,2024-03-04 04:58:00,SCHEDULED,2023-06-25 07:09:11
181,3,22,Pediatrics,2023-01-25 07:19:03,2024-01-09 20:41:23,SCHEDULED,2023-04-15 12:47:12
182,7,20,Cardiology,2024-11-24 12:31:45,2025-07-17 15:02:10,CANCELLED,2023-03-17 14:47:05
183,16,24,Cardiology,2024-09-16 21:32:21,2024-11-12 21:43:11,SCHEDULED,2025-04-18 11:42:15
184,14,25,Cardiology,2023-08-06 16:37:58,2025-02-21 18:35:55,COMPLETED,2023-12-30 18:10:26
185,53,24,Dermatology,2024-05-10 09:35:29,2025-06-16 01:49:17,CANCELLED,2024-05-13 03:15:43
186,16,10,Orthopedics,2025-03-20 17:38:52,2023-12-10 09:04:14,COMPLETED,2024-04-11 19:29:15
187,18,2,Dermatology,2025-07-08 02:56:56,2023-09-30 01:26:18,CANCELLED,2024-10-25 15:11:31
188,36,16,Cardiology,2024-06-19 00:42:55,2024-08-15 02:28:28,CANCELLED,2024-05-10 03:16:54
189,45,14,Pediatrics,2023-08-20 19:14:08,2024-04-10 20:39:12,COMPLETED,2023-10-13 15:30:18
190,49,18,Pediatrics,2024-01-10 07:56:42,2023-12-17 01:27:13,COMPLETED,2023-08-13 05:49:23
191,52,15,Cardiology,2025-05-23 15:16:04,2024-10-03 01:43:54,COMPLETED,2025-05-15 17:09:22
192,34,5,Pediatrics,2024-01-13 06:25:18,2024-02-01 02:55:36,SCHEDULED,2024-05-28 01:05:48
193,42,3,Pediatrics,2024-07-30 10:46:18,2023-05-24 15:18:27,CANCELLED,2023-10-23 21:40:10
194,4,9,Pediatrics,2025-07-28 18:53:44,2025-07-25 14:33:47,SCHEDULED,2023-04-24 01:35:47
195,13,25,Dermatology,2025-05-18 03:27:21,2023-12-04 02:57:44,COMPLETED,2023-11-21 11:56:58
196,56,11,Neurology,2023-01-24 19:40:55,2023-11-26 00:45:57,SCHEDULED,2023-07-02 05:51:53
197,48,25,Pediatrics,2024-01-12 20:31:45,2025-07-27 21:43:20,CANCELLED,2023-11-14 16:48:09
198,26,8,Dermatology,2024-05-14 14:40:35,2024-03-15 17:12:42,COMPLETED,2024-12-25 07:04:37
199,35,21,Neurology,2024-04-24 02:48:58,2024-02-11 07:43:27,COMPLETED,2025-03-07 15:11:10
200,57,16,Pediatrics,2023-06-03 04:22:52,2024-12-30 07:52:17,COMPLETED,2023-11-12 13:08:30
201,24,11,Pediatrics,2023-03-13 00:23:43,2025-05-23 20:26:30,SCHEDULED,2023-08-15 16:23:35
202,2,9,Dermatology,2025-06-26 06:17:14,2025-06-18 16:00:47,CANCELLED,2024-10-10 16:26:20
203,19,5,Orthopedics,2024-05-27 10:16:09,2023-12-24 07:42:57,COMPLETED,2025-06-04 03:17:33
204,54,8,Pediatrics,2025-05-05 09:26:29,2024-06-08 09:18:31,COMPLETED,2025-01-29 01:06:53
205,47,21,Pediatrics,2024-12-16 20:57:01,2023-09-19 08:12:17,CANCELLED,2024-07-01 02:04:45
206,11,5,Dermatology,2025-01-28 13:45:07,2023-10-13 21:47:53,CANCELLED,2023-04-02 05:41:22
207,34,2,Cardiology,2023-03-17 08:44:51,2023-01-10 22:00:22,COMPLETED,2023-08-02 14:03:20
208,54,21,Orthopedics,2023-04-16 14:01:42,2023-08-23 14:47:36,SCHEDULED,2023-12-06 18:27:37
209,33,15,Neurology,2023-04-04 21:44:37,2025-01-20 15:09:23,CANCELLED,2025-01-27 20:31:47
210,2,1,Dermatology,2025-05-06 22:45:45,2024-09-30 23:48:40,SCHEDULED,2023-01-26 23:35:45
211,34,24,Neurology,2025-04-12 05:45:50,2024-03-21 08:31:24,SCHEDULED,2025-02-19 03:58:14
212,53,23,Pediatrics,2023-10-06 11:33:08,2023-06-16 05:51:41,SCHEDULED,2025-03-25 14:30:17
213,10,8,Orthopedics,2025-03-28 19:42:06,2024-01-28 02:49:56,COMPLETED,2024-02-20 06:35:18
214,51,13,Cardiology,2024-08-02 12:22:15,2024-09-22 17:47:56,COMPLETED,2025-05-27 16:48:29
215,16,23,Orthopedics,2024-04-10 23:51:54,2023-05-06 05:36:59,CANCELLED,2023-02-19 05:17:02
216,6,13,Pediatrics,2024-08-08 21:54:02,2025-05-08 14:12:11,COMPLETED,2023-03-29 04:06:59
217,41,1,Orthopedics,2023-05-09 10:45:43,2025-02-15 12:04:17,COMPLETED,2024-05-29 14:39:49
218,37,4,Dermatology,2023-03-08 02:26:40,2023-12-23 22:18:57,SCHEDULED,2025-05-30 11:14:40
219,31,9,Cardiology,2023-04-26 11:53:47,2024-03-11 13:03:48,CANCELLED,2025-05-25 09:10:13
220,43,2,Orthopedics,2024-05-03 12:50:21,2023-01-25 07:46:33,SCHEDULED,2025-06-30 22:17:32
221,10,25,Pediatrics,2023-04-30 12:26:15,2024-04-09 21:51:04,SCHEDULED,2025-05-26 01:53:08
222,16,19,Pediatrics,2025-04-19 17:37:41,2024-05-30 07:47:05,COMPLETED,2023-08-06 09:44:10
223,51,23,Cardiology,2025-02-16 22:54:38,2024-06-21 06:34:36,SCHEDULED,2023-06-01 17:59:24
224,28,8,Cardiology,2024-06-13 02:13:04,2025-07-29 02:19:33,CANCELLED,2025-07-14 05:54:01
225,26,25,Neurology,2023-02-16 00:31:28,2024-02-29 14:22:12,COMPLETED,2025-02-01 03:01:21
226,15,12,Dermatology,2024-08-06 04:55:58,2024-11-01 20:27:30,SCHEDULED,2025-06-29 03:00:27
227,43,13,Cardiology,2024-04-03 20:32:42,2024-01-18 20:18:49,CANCELLED,2023-04-25 04:31:40
228,6,9,Orthopedics,2024-08-13 07:25:35,2023-08-28 15:51:33,CANCELLED,2024-08-28 06:09:36
229,21,12,Cardiology,2023-05-23 04:07:44,2023-01-09 01:41:30,COMPLETED,2024-11-21 20:57:17
230,24,25,Neurology,2023-06-08 19:27:48,2023-07-25 20:13:09,SCHEDULED,2023-10-19 02:28:19
231,28,15,Dermatology,2025-05-11 18:12:22,2025-03-07 01:10:46,COMPLETED,2023-06-10 11:02:22
232,2,3,Neurology,2025-05-10 22:48:43,2023-05-25 13:41:13,CANCELLED,2025-07-18 00:41:19
233,51,11,Pediatrics,2023-01-20 04:05:29,2024-03-29 08:51:28,COMPLETED,2024-08-25 10:12:55
234,50,3,Dermatology,2024-01-13 02:05:49,2025-06-07 12:13:49,CANCELLED,2023-09-21 10:30:34
235,44,13,Orthopedics,2023-08-04 16:19:57,2024-02-22 18:01:32,COMPLETED,2024-02-21 22:55:50
236,32,5,Cardiology,2023-09-17 17:56:37,2024-11-06 05:54:21,COMPLETED,2024-10-16 03:49:59
237,20,16,Cardiology,2024-07-14 23:42:45,2024-01-27 00:02:46,SCHEDULED,2025-02-09 04:51:16
238,39,20,Orthopedics,2024-12-12 06:19:08,2023-06-16 04:13:08,SCHEDULED,2024-04-18 06:28:24
239,1,13,Neurology,2024-08-13 03:19:26,2024-05-26 22:12:20,COMPLETED,2024-06-03 23:52:15
240,28,21,Dermatology,2023-07-31 11:05:17,2024-04-11 17:02:21,COMPLETED,2025-07-26 01:20:45
241,45,7,Pediatrics,2024-05-03 01:36:06,2023-10-03 22:47:50,COMPLETED,2024-05-10 18:18:52
242,19,24,Pediatrics,2025-06-13 14:20:08,2024-01-12 14:13:58,COMPLETED,2024-08-07 04:21:28
243,18,13,Neurology,2023-06-26 22:02:44,2025-05-25 21:52:14,SCHEDULED,2025-07-08 23:49:26
244,35,6,Dermatology,2023-02-11 19:30:18,2024-12-18 02:31:25,CANCELLED,2023-11-22 16:15:31
245,29,10,Cardiology,2024-09-27 13:54:14,2025-02-14 15:22:23,SCHEDULED,2024-04-15 10:25:09
246,16,9,Orthopedics,2024-10-19 07:21:12,2024-08-08 15:14:11,SCHEDULED,2024-11-28 14:25:14
247,39,16,Dermatology,2024-09-14 15:05:49,2025-04-10 02:39:38,CANCELLED,2024-10-11 19:22:48
248,35,2,Neurology,2025-04-14 01:18:21,2025-07-11 11:12:43,CANCELLED,2023-05-13 00:21:22
249,7,25,Orthopedics,2024-07-05 11:41:17,2023-09-16 09:32:54,CANCELLED,2023-03-10 19:30:01
250,37,21,Pediatrics,2024-05-30 02:49:15,2024-10-30 16:32:45,SCHEDULED,2023-01-17 09:14:58
251,7,9,Orthopedics,2025-03-04 07:23:24,2025-03-16 22:10:57,CANCELLED,2025-06-20 19:17:26
252,45,19,Orthopedics,2024-11-23 11:49:44,2024-08-04 04:11:18,COMPLETED,2024-12-20 08:14:51
253,50,22,Dermatology,2025-02-16 10:43:00,2023-08-23 04:10:42,COMPLETED,2023-02-08 03:45:43
254,31,4,Neurology,2024-10-08 04:41:16,2023-05-14 08:53:56,SCHEDULED,2023-08-09 02:02:00
255,23,10,Neurology,2024-12-08 08:01:51,2023-11-18 08:34:22,CANCELLED,2025-01-20 04:47:10
256,23,16,Cardiology,2024-11-11 16:00:36,2024-12-03 20:27:14,COMPLETED,2023-04-15 08:26:27
257,20,2,Cardiology,2023-02-05 02:02:02,2024-06-16 22:52:22,CANCELLED,2023-06-19 21:20:10
258,44,6,Orthopedics,2025-03-12 13:38:49,2023-09-29 00:05:16,CANCELLED,2023-09-06 18:17:31
259,22,18,Pediatrics,2024-12-18 18:37:39,2023-12-27 04:12:04,COMPLETED,2023-10-14 12:51:38
260,12,21,Pediatrics,2024-09-06 12:22:48,2023-02-15 08:22:00,CANCELLED,2023-11-03 12:47:17
261,29,19,Pediatrics,2024-08-27 00:50:55,2023-01-07 21:54:34,CANCELLED,2023-11-30 16:10:45
262,14,9,Cardiology,2025-06-15 21:05:24,2023-06-08 01:35:28,CANCELLED,2023-10-18 10:22:04
263,24,11,Orthopedics,2024-12-11 18:42:58,2023-06-27 00:32:57,COMPLETED,2025-01-30 09:17:07
264,34,21,Neurology,2025-07-16 08:41:08,2024-08-26 17:31:18,CANCELLED,2024-09-01 19:06:04
265,38,4,Neurology,2024-06-30 18:56:56,2024-12-12 06:16:47,CANCELLED,2023-09-26 00:17:30
266,53,22,Neurology,2025-07-05 19:04:17,2023-05-12 15:46:56,CANCELLED,2023-07-28 01:56:05
267,21,4,Orthopedics,2024-04-19 09:23:30,2023-07-01 16:10:16,SCHEDULED,2024-08-02 21:51:32
268,45,5,Dermatology,2024-08-26 10:57:37,2024-10-11 17:05:02,CANCELLED,2023-08-03 04:03:55
269,37,13,Pediatrics,2023-10-16 13:23:59,2025-01-26 00:22:50,CANCELLED,2025-04-14 18:57:04
270,45,21,Orthopedics,2025-05-12 00:38:25,2023-09-17 05:11:51,COMPLETED,2024-03-24 16:32:27
271,9,6,Neurology,2024-12-01 14:32:05,2023-03-25 06:46:21,COMPLETED,2023-01-15 21:17:47
272,32,5,Orthopedics,2024-08-19 10:28:34,2025-05-22 09:17:50,CANCELLED,2025-02-07 21:48:48
273,27,22,Pediatrics,2024-10-07 15:49:32,2024-11-20 11:59:32,COMPLETED,2023-09-17 19:39:43
274,6,19,Cardiology,2023-12-09 13:56:09,2024-03-29 17:54:04,SCHEDULED,2024-03-02 23:15:34
275,15,18,Neurology,2023-09-19 07:17:06,2024-12-11 10:10:37,CANCELLED,2025-02-08 10:37:11
276,36,17,Cardiology,2025-06-08 16:19:39,2023-06-27 09:55:57,COMPLETED,2025-04-23 16:27:57
277,53,12,Dermatology,2023-03-06 15:21:09,2024-11-16 15:20:19,CANCELLED,2023-12-06 11:50:01
278,28,4,Orthopedics,2024-04-07 11:23:36,2023-02-20 01:38:10,COMPLETED,2024-02-13 06:27:42
279,23,3,Pediatrics,2023-07-02 08:28:05,2024-01-04 01:59:21,SCHEDULED,2025-07-02 07:23:29
280,45,12,Dermatology,2024-10-27 03:13:30,2023-09-15 20:14:35,CANCELLED,2023-08-05 07:03:20
281,51,7,Orthopedics,2023-04-03 05:01:13,2025-06-04 13:54:43,COMPLETED,2025-04-06 20:51:59
282,18,20,Dermatology,2023-09-19 13:33:47,2024-05-17 18:40:52,CANCELLED,2024-03-30 14:12:44
283,19,19,Neurology,2025-03-10 02:46:50,2023-05-28 22:15:05,SCHEDULED,2024-10-01 09:25:09
284,59,2,Neurology,2023-07-17 02:44:01,2023-07-26 03:04:25,SCHEDULED,2023-08-16 04:21:02
285,46,11,Orthopedics,2024-09-02 00:56:42,2025-01-30 08:20:38,SCHEDULED,2025-06-15 23:59:02
286,41,9,Pediatrics,2024-08-05 19:26:17,2024-12-03 03:28:22,SCHEDULED,2023-05-25 14:49:30
287,26,17,Neurology,2024-07-27 07:58:14,2024-12-07 08:16:56,COMPLETED,2024-05-23 10:13:43
288,38,1,Cardiology,2024-12-13 04:13:37,2024-07-10 11:30:40,SCHEDULED,2025-04-10 04:47:17
289,26,7,Pediatrics,2023-11-26 02:23:42,2025-02-07 12:18:36,COMPLETED,2024-05-16 13:17:06
290,54,10,Neurology,2025-04-30 05:12:56,2025-06-16 18:55:40,SCHEDULED,2025-05-29 11:18:27
291,55,16,Neurology,2023-03-17 04:49:41,2023-03-13 08:52:35,SCHEDULED,2024-12-14 22:27:00
292,2,4,Orthopedics,2024-11-16 12:19:57,2024-12-10 04:13:47,SCHEDULED,2024-10-26 13:30:50
293,13,23,Orthopedics,2024-04-13 22:21:42,2023-09-04 23:06:33,COMPLETED,2023-05-25 23:58:00
294,42,12,Neurology,2023-05-09 00:51:36,2024-07-31 15:20:25,CANCELLED,2023-09-15 03:13:20
295,4,13,Neurology,2023-12-30 17:30:54,2024-10-28 18:53:21,CANCELLED,2023-05-22 16:09:07
296,46,4,Cardiology,2023-11-28 12:55:05,2025-01-10 16:38:33,SCHEDULED,2023-07-26 03:24:24
297,38,8,Dermatology,2024-11-22 09:17:45,2023-01-15 10:14:33,SCHEDULED,2024-06-17 17:22:21
298,53,4,Pediatrics,2023-07-25 07:50:48,2025-01-12 01:57:21,SCHEDULED,2023-12-22 15:45:28
299,25,3,Cardiology,2023-06-10 07:37:55,2024-05-01 18:35:23,COMPLETED,2024-04-09 21:02:50
300,9,13,Orthopedics,2023-08-10 21:56:54,2023-04-17 06:34:10,CANCELLED,2025-05-25 01:01:07
